bibd_13_6,78,77
mark3jac020sc,330,378
celegansneural,60,74
G7,801,1293
G6,801,1300
G5,801,1304
G4,801,1283
lshp_778,58,58
G2,801,1293
G1,801,1300
dwb512,34,34
G9,801,1283
G8,801,1305
de063155,41,37
lpi_gran,89,114
de063157,40,36
ck400,0,0
pgp2,4,4
Franz10,2013,2021
bibd_17_4,136,134
jan99jac020sc,327,334
mesh3e1,34,34
bibd_17_3,75,106
ex3sta1,235,235
rdist1,40,40
rdist2,30,30
bibd_15_3,78,62
fs_760_2,44,44
fs_760_3,44,44
QRpivot,34,29
EVA,0,0
bibd_11_5,55,53
Trefethen_150,120,125
S20PI_n1,4,4
ex18,108,121
c-44,204,333
ch7-7-b2,719,579
ch7-7-b1,46,36
c-40,116,94
tumorAntiAngiogenesis_7,20,12
lp_scfxm1,9,9
lp_scfxm3,25,8
lp_scfxm2,5,5
ex10,28,28
rdb968,88,88
ex13,68,108
lung1,4,4
lpi_ex73a,4,4
crack_dual,146,150
ACTIVSg2000,52,48
g7jac020sc,364,451
can_256,45,47
tols1090,0,0
lp_pilotnov,95,113
well1850,29,23
rdb450l,60,60
adder_dcop_41,82,28
adder_dcop_40,82,28
adder_dcop_43,82,28
adder_dcop_42,82,28
can_61,10,10
adder_dcop_44,64,23
adder_dcop_47,82,28
adder_dcop_46,82,28
adder_dcop_49,82,28
adder_dcop_48,82,28
wheel_4_1,24,13
progas,31,32
lpi_bgdbg1,8,11
beacxc,397,435
wheel_6_1,15,15
utm5940,220,241
Sandi_sandi,0,0
mk11-b2,669,627
mk11-b3,3042,3071
mk11-b1,53,41
mk11-b4,3220,2856
dtoc,0,0
ash219,7,8
seymourl,194,217
delf,34,31
dwt_198,12,13
dwt_193,40,66
mcca,41,52
ca-GrQc,333,307
oscil_dcop_38,2,2
oscil_dcop_39,2,2
west0156,5,5
lp_afiro,9,5
oscil_dcop_32,2,2
oscil_dcop_33,2,2
oscil_dcop_30,2,2
oscil_dcop_31,2,2
oscil_dcop_36,2,2
oscil_dcop_37,2,2
oscil_dcop_34,2,2
oscil_dcop_35,2,2
Trefethen_20b,19,16
poli3,121,122
p0033,8,5
poli4,171,148
zed,11,11
dwt_87,12,12
dwt_512,0,0
rosen8,8,8
iprob,2,2
n3c6-b3,285,276
Maragal_4,334,358
GD02_a,13,7
GD02_b,5,5
mycielskian10,404,508
dw1024,65,66
GD00_c,17,17
GD00_a,0,0
grid2_dual,64,53
n3c6-b4,929,685
lpi_bgindy,302,198
Erdos982,248,242
Erdos981,101,114
lp_adlittle,10,9
lp_fit1d,24,22
lp_fit1p,24,23
fs_760_1,44,44
TF11,71,74
TF10,34,35
TF13,355,405
TF12,167,173
TF15,1907,2161
TF14,819,873
hor_131,67,69
flowmeter0,118,118
flowmeter5,116,117
DK01R,20,20
as-22july06,383,353
olm500,2,2
netz4504_dual,34,34
mk11-b4b,2625,2627
lpi_woodinfe,0,0
rdb1250,100,100
cis-n4c6-b15,0,0
cis-n4c6-b14,96,93
cis-n4c6-b13,1140,1306
bcsstm06,0,0
oscil_dcop_42,2,2
oscil_dcop_41,2,2
bcsstm05,0,0
fxm2-6,30,27
oscil_dcop_46,2,2
dw8192,256,256
big_dual,158,140
bcsstm01,0,0
lp_lotfi,18,19
lpi_ceria3d,188,173
bp_600,36,37
gr_30_30,60,62
adder_dcop_52,82,28
adder_dcop_53,82,28
Trefethen_300,239,247
str_400,37,41
adder_dcop_56,82,28
adder_dcop_57,82,28
adder_dcop_54,82,28
adder_dcop_55,82,28
adder_dcop_58,82,28
adder_dcop_59,82,28
beause,372,422
qpband,0,0
lp_scsd1,12,12
lp_scsd6,20,21
lp_scsd8,10,10
Tina_DisCog,8,7
rail_1357,40,38
S10PI_n,4,6
rotor2,36,51
rotor1,15,15
mesh1e1,21,18
scagr7-2c,7,7
scagr7-2b,7,7
msc00726,300,571
beaflw,422,457
oscil_dcop_07,2,2
west0167,9,9
oscil_dcop_05,2,2
oscil_dcop_04,2,2
oscil_dcop_03,2,2
oscil_dcop_02,2,2
oscil_dcop_01,2,2
steam2,120,120
minnesota,34,34
oscil_dcop_09,2,2
oscil_dcop_08,2,2
lshp1561,76,79
tols4000,0,0
will57,4,4
lp_bnl1,52,48
lp_bnl2,129,141
reorientation_1,38,16
reorientation_3,74,26
bp_0,21,22
reorientation_5,74,14
reorientation_4,74,14
reorientation_7,62,26
reorientation_6,98,26
lp_recipe,27,20
reorientation_8,70,26
chesapeake,18,17
lp_kb2,15,18
ash958,10,11
goddardRocketProblem_1,17,26
goddardRocketProblem_2,34,10
co5,190,128
Erdos991,100,112
Erdos992,237,252
ch6-6-b5,0,0
ch6-6-b4,1080,1351
ch6-6-b3,1086,1089
nnc1374,49,54
ch6-6-b1,31,27
west1505,19,23
de080285,41,37
mbeause,358,401
n3c6-b10,242,247
n4c6-b3,961,803
n4c6-b2,114,139
n4c6-b1,19,16
lp_czprob,30,23
fe_sphere,384,460
lp_modszk1,45,38
cegb3306,144,162
curtis54,7,7
p2p-Gnutella25,3377,3464
powersim,13,8
rdb2048,128,128
ex10hs,28,47
mimo8x8_system,44,40
M10PI_n,4,6
n3c5-b2,25,27
lp_fit2p,25,24
plddb,8,8
qc324,162,162
can_838,80,74
rajat07,142,140
rajat06,120,120
rajat05,6,6
rajat04,30,34
rajat03,102,100
rajat02,25,22
rajat01,38,20
rajat08,160,160
rw496,38,37
lp_d6cube,236,228
dwt_869,24,35
flower_7_1,25,26
adder_dcop_69,82,28
adder_dcop_68,82,28
adder_dcop_67,82,28
adder_dcop_66,82,28
adder_dcop_65,82,28
adder_dcop_64,82,28
ww_vref_6405,41,40
adder_dcop_62,82,28
adder_dcop_61,82,28
adder_dcop_60,82,28
complex,384,448
M20PI_n1,4,4
176bit,3184,3449
Chebyshev1,4,4
Chebyshev3,20,4
Chebyshev2,36,4
Trefethen_20,20,18
S80PI_n,8,6
g7jac010,217,238
dwg961b,67,64
dwg961a,30,30
lp_truss,48,48
t3dl_e,0,0
lpi_klein3,69,65
lpi_klein2,45,42
lpi_klein1,37,35
Trefethen_200,156,160
dw2048,65,66
dwt_245,9,9
ca-HepTh,1255,1306
can_161,32,32
p0040,3,3
lp_d2q06c,135,126
saylr4,157,160
lp_pilot87,362,567
deter8,15,15
n2c6-b10,0,0
bips07_1693,45,41
bfwb62,8,8
oscil_dcop_10,2,2
oscil_dcop_11,2,2
oscil_dcop_12,2,2
oscil_dcop_13,2,2
oscil_dcop_14,2,2
oscil_dcop_15,2,2
Trec11,222,227
oscil_dcop_17,2,2
ch7-9-b1,63,47
freeFlyingRobot_14,130,14
deter2,15,15
deter3,15,15
deter4,16,15
freeFlyingRobot_10,102,14
deter6,15,15
freeFlyingRobot_12,14,14
freeFlyingRobot_15,78,14
Hamrle1,6,5
Hamrle2,16,16
oscil_dcop_19,2,2
ch7-9-b2,1298,1041
Oregon-2,262,265
Oregon-1,182,201
freeFlyingRobot_11,120,14
deter5,15,15
freeFlyingRobot_13,111,14
deter7,15,15
flower_5_1,25,24
flower_5_4,1376,1410
jan99jac020,327,334
Ragusa18,9,7
jagmesh9,43,43
jagmesh8,42,42
jagmesh7,28,30
jagmesh6,18,18
Ragusa16,11,7
jagmesh4,40,40
jagmesh3,66,66
jagmesh2,62,66
jagmesh1,52,52
lp_ship04l,32,4
whitaker3,130,137
bp_200,28,37
mk10-b1,42,33
mk10-b3,1124,1086
mk10-b2,403,395
wang2,364,364
mk10-b4,0,0
wang1,364,364
rw136,20,20
lp_ship04s,30,4
biplane-9,121,131
adjnoun,51,57
Kohonen,171,181
adder_dcop_45,82,28
can_62,6,6
pesa,69,68
rel3,3,3
tumorAntiAngiogenesis_3,12,12
tumorAntiAngiogenesis_2,12,12
tumorAntiAngiogenesis_5,12,16
tumorAntiAngiogenesis_4,16,16
rel5,17,11
tumorAntiAngiogenesis_6,16,8
crew1,121,110
model9,12,12
model8,134,136
model3,85,97
model2,97,94
model1,55,58
model7,9,9
model6,91,100
model5,1,1
model4,117,106
M80PI_n,8,6
nl,266,297
rajat14,14,10
rajat11,11,12
rajat12,26,19
rajat13,90,18
hangGlider_2,34,10
hangGlider_3,380,10
hangGlider_1,10,10
stoch_aircraft,9,7
Si2,523,700
can_229,38,38
football,64,63
mycielskian7,52,56
mycielskian6,25,26
dwt_878,34,36
mycielskian4,9,6
mycielskian3,2,2
mycielskian2,0,0
bips07_1998,36,32
mycielskian9,202,264
mycielskian8,102,124
testbig,9,8
lpl2,206,126
dwt_503,52,63
N_biocarta,0,0
str_200,21,41
lp_grow22,20,20
G17,415,418
g7jac020,364,451
ash85,14,14
cat_ears_3_4,1094,1137
cat_ears_3_1,16,16
polblogs,197,235
n2c6-b9,0,0
bayer10,49,56
Kaufhold,42,46
n2c6-b1,13,12
n2c6-b3,285,276
n2c6-b2,61,59
n2c6-b5,1934,1488
n2c6-b4,929,685
n2c6-b7,1372,1606
bcsstm25,0,0
sit100,274,298
yeast,462,505
G53,510,526
G52,507,534
G51,520,542
lnsp_131,24,24
G57,0,0
G56,2275,2456
G55,2275,2456
G54,527,535
G59,2604,2676
G58,2604,2676
dano3mip,1420,1166
airfoil1_dual,68,76
gre_216b,36,36
gre_216a,36,36
mahindas,115,114
Zewail,717,879
bwm2000,4,4
sts4098,102,171
dw256A,24,24
dw256B,34,34
lshp1009,62,66
sphere2,26,24
sphere3,50,48
dwt_992,64,72
freeFlyingRobot_8,39,14
145bit,489,516
mbeacxc,377,456
iiasa,14,14
df2177,448,523
rdb1250l,100,100
rdb200,40,40
gre_115,23,23
fpga_dcop_19,2,3
dwt_1007,38,38
dwt_1005,80,86
ex20,106,143
primagaz,7,7
mesh2e1,34,34
1138_bus,20,16
bp_1600,44,41
freeFlyingRobot_5,130,14
freeFlyingRobot_4,40,14
freeFlyingRobot_7,100,14
freeFlyingRobot_6,58,14
freeFlyingRobot_1,23,14
watt_2,128,128
freeFlyingRobot_3,36,14
freeFlyingRobot_2,14,14
lp_grow7,20,20
freeFlyingRobot_9,62,14
jagmesh5,21,20
Erdos972,230,252
Erdos971,105,103
descriptor_xingo6u,48,28
Cities,47,46
n4c5-b2,61,59
n4c5-b3,225,280
n4c5-b1,13,12
n4c5-b6,1646,1539
n4c5-b7,1282,1439
n4c5-b4,793,852
n4c5-b5,1393,1439
n4c5-b8,594,664
n4c5-b9,142,155
extr1,15,16
nemsafm,12,6
lp_beaconfd,36,36
orsirr_2,100,100
cz148,21,23
orsirr_1,100,100
rkat7_mat5,237,297
refine,6,3
dwt_1242,48,56
L-9,222,227
mhd1280a,44,63
mhd1280b,16,20
Goodwin_017,168,192
Goodwin_013,120,175
Goodwin_010,88,158
ch8-8-b2,1306,1053
ch8-8-b1,64,48
plskz362,22,20
ibm32,18,14
lshp_265,33,34
lp_agg,25,44
Chem97Zt,0,0
nopss_11k,36,48
lp_dfl001,541,587
lpi_greenbea,82,139
162bit,1595,1688
rdb450,60,60
data,128,118
nsic,47,44
D_10,276,271
D_11,101,103
rajat27,22,28
se,4118,3895
M40PI_n,6,6
PGPgiantcompo,223,221
utm3060,205,227
lp_scagr7,6,7
Journals,125,173
can_24,15,8
fe_4elt2,132,132
lshp1270,74,74
lpi_pang,17,19
lp_wood1p,103,121
bayer08,69,71
bayer09,33,34
bayer06,69,71
bayer07,110,97
bayer04,106,102
bayer05,110,97
bayer02,28,28
bayer03,35,31
can_144,13,12
nasa1824,227,301
dwt_221,15,16
lp_maros,45,46
bips07_2476,47,25
car4,0,0
G40,1037,1090
G41,1030,1066
G42,1036,1084
G43,1001,1352
G44,1000,1361
G45,1000,1389
G46,1001,1366
G47,1000,1358
G48,0,0
G49,0,0
ch4-4-b3,0,0
EX4,2585,2265
filter2D,80,89
dwt_310,14,14
freeFlyingRobot_16,56,14
can_1072,62,63
spaceStation_1,42,43
spaceStation_3,74,70
spaceStation_2,162,165
spaceStation_5,93,126
spaceStation_4,119,113
spaceStation_7,74,98
spaceStation_6,92,110
spaceStation_9,20,20
spaceStation_8,56,23
mhd4800b,3,2
gre_343,46,48
lock_700,149,163
Maragal_3,225,263
Maragal_2,22,22
Maragal_1,15,14
lp_ship08l,10,7
Maragal_5,382,539
fome11,0,0
rosen7,8,8
rosen1,8,8
rosen2,8,8
lp_ship08s,11,7
cz628,20,20
cdde1,62,62
cdde3,62,62
cdde2,62,62
cdde5,62,62
cdde4,62,62
lp_standgub,30,31
cdde6,62,62
Trec10,99,98
utm1700b,115,124
NotreDame_yeast,89,93
lp_qap12,1320,1504
lp_qap15,2595,2877
karate,10,9
young1c,58,58
lp_tuff,44,47
stufe-10,72,68
ck104,0,0
shyy41,61,55
lp_qap8,384,416
mark3jac020,330,378
fpga_dcop_48,2,3
fpga_dcop_49,2,3
comsol,157,264
fpga_dcop_42,2,3
fpga_dcop_43,2,3
fpga_dcop_40,2,3
fpga_dcop_41,2,3
fpga_dcop_46,2,3
fpga_dcop_47,2,3
fpga_dcop_44,2,3
fpga_dcop_45,2,3
utm300,52,51
mimo46x46_system,32,36
lpi_chemcom,49,53
lshp3466,122,122
adder_dcop_16,82,28
oscil_dcop_47,2,2
bp_400,35,32
kneser_8_3_1,982,983
c-19,212,240
c-18,58,64
bcsstk03,0,0
lund_a,42,44
lund_b,41,43
dynamicSoaringProblem_3,46,22
dynamicSoaringProblem_2,52,28
dynamicSoaringProblem_1,28,22
dynamicSoaringProblem_7,28,22
dynamicSoaringProblem_6,52,28
dynamicSoaringProblem_5,79,28
dynamicSoaringProblem_4,22,22
dynamicSoaringProblem_8,28,32
Harvard500,16,14
tumorAntiAngiogenesis_8,20,12
jazz,123,138
str_600,24,30
gen,497,512
adder_dcop_26,82,28
tumorAntiAngiogenesis_1,16,8
pivtol,4,4
rel7,461,468
b_dyn,15,15
rel6,67,64
shl_200,12,8
olm100,2,2
rel4,9,5
dwt_419,32,32
shermanACd,195,182
shermanACa,165,171
orbitRaising_3,24,16
dwt_234,8,6
pde2961,94,94
CSphd,0,0
adder_trans_01,122,44
adder_trans_02,122,44
dwt_307,46,46
robot24c1_mat5_J,193,237
bibd_17_4b,136,134
rdist3a,46,66
poli,5,4
ash608,13,14
bfwa782,29,28
spaceShuttleEntry_4,62,26
young2c,58,58
spaceShuttleEntry_1,17,14
spaceShuttleEntry_3,40,26
spaceShuttleEntry_2,14,14
Franz1,64,86
D_8,708,782
Franz2,512,538
Franz5,1002,990
Franz4,1072,1053
Franz7,471,481
Franz6,1579,1724
Franz9,1415,1452
hydr1c,26,28
D_6,250,259
D_7,586,625
D_5,56,63
GlossGT,8,6
SmaGri,132,138
cq9,269,190
cq5,155,125
coupled,282,258
eurqsa,385,336
GD06_Java,117,94
lpi_forest6,5,5
lp_greenbeb,102,145
lp_greenbea,102,145
lp_blend,14,16
nnc261,24,22
b2_ss,15,15
SciMet,316,356
lshp2614,106,106
lpi_itest6,0,2
fpga_dcop_51,2,3
fpga_dcop_50,2,3
lpi_itest2,4,3
lnsp_511,67,69
bp_1000,37,36
lp_stair,25,31
lpi_qual,31,33
EPA,194,193
nos1,4,4
nos2,4,4
nos3,80,100
nos4,15,16
nos5,108,124
nos6,30,30
nos7,124,162
lp_sc105,5,5
c-28,14,10
c-29,108,56
c-26,154,101
celegans_metabolic,70,68
c-24,76,80
c-25,274,392
c-22,150,128
c-23,56,12
c-20,134,166
c-21,116,125
lp_ken_07,25,25
sherman4,42,48
sherman5,131,126
sherman1,61,60
sherman2,311,285
sherman3,159,155
jendrec1,58,58
3elt_dual,88,88
rajat19,16,8
rdb200l,40,40
fv3,198,198
fv2,198,198
fv1,196,196
sctap1-2b,510,34
sctap1-2c,119,34
bibd_12_5,66,65
bibd_12_4,66,61
Lederberg,578,601
p2p-Gnutella30,4765,5012
p0548,11,10
mk9-b2,204,200
mk9-b3,300,289
mk9-b1,29,26
pcb3000,74,58
power,16,18
bips07_3078,48,30
TSOPF_RS_b9_c6,36,6
west0381,37,37
N_reactome,9,24
GL6_D_10,95,94
mycielskian5,14,12
bibd_14_7,91,91
lesmis,12,16
fpga_trans_01,8,6
fpga_trans_02,8,6
G62,0,0
G63,3610,3749
G60,3157,3464
G61,3157,3464
G66,0,0
G67,0,0
G64,3610,3749
G65,0,0
eris1176,128,74
Pd_rhs,0,0
lp_grow15,20,21
stormg2-27,144,108
can_1054,62,66
GD97_b,12,12
GD97_c,2,2
GD97_a,26,24
mhdb416,2,2
west0132,8,9
GD99_b,20,20
GD99_c,0,0
gams30a,2,2
Alemdar,168,182
air03,81,79
air02,44,43
air05,299,289
air04,545,570
air06,516,525
dwt_209,34,34
dwt_758,22,26
d_dyn,5,6
epb1,209,210
epb0,5,7
add32,14,6
Franz3,404,419
D_9,516,540
cr42,13,13
can_634,104,129
IG5-13,1092,1357
IG5-12,655,780
IG5-11,381,457
IG5-10,223,268
GD01_b,5,2
nemscem,9,9
lp_degen3,213,185
lp_degen2,92,80
ash292,19,18
west0989,17,17
young3c,52,56
ukerbe1,0,0
bfwb782,12,12
lp_share1b,7,7
tols340,18,18
fpga_dcop_20,2,3
fpga_dcop_21,2,3
fpga_dcop_22,2,3
fpga_dcop_23,2,3
fpga_dcop_24,2,3
fpga_dcop_25,2,3
fpga_dcop_26,2,3
fpga_dcop_27,2,3
fpga_dcop_28,2,3
fpga_dcop_29,2,3
ex12,76,114
Tina_AskCal,2,3
ex14,157,214
ex15,84,84
radfr1,20,29
lns_511,68,71
lp_israel,42,44
olm1000,2,2
ch5-5-b4,0,0
ch5-5-b3,172,172
ch5-5-b2,109,106
ch5-5-b1,21,18
gre_1107,113,115
photogrammetry2,96,120
wm3,56,63
wm2,56,61
wm1,56,59
large,36,30
oscil_dcop_54,2,2
oscil_dcop_55,2,2
small,34,36
oscil_dcop_56,2,2
GD01_c,11,8
c-38,108,32
GD01_a,23,22
oscil_dcop_57,2,2
S80PI_n1,4,4
c-31,237,208
c-30,38,30
c-33,100,106
c-32,34,30
c-35,190,156
c-34,68,68
c-37,419,408
c-36,282,262
lp_ken_11,53,53
lp_ken_13,71,71
ck656,0,0
diag,0,0
b1_ss,2,3
circuit_1,152,151
p2p-Gnutella24,4230,4275
circuit_3,231,22
circuit_2,105,81
n3c5-b3,65,65
p2756,20,16
n3c5-b1,8,9
n3c5-b7,17,15
n3c5-b6,65,65
arc130,16,16
n3c5-b4,105,105
GL6_D_6,110,120
GL6_D_7,263,295
GL6_D_8,320,344
GL6_D_9,220,220
p0282,29,22
Tina_DisCal,7,7
n2c6-b8,180,270
fpga_dcop_10,3,2
lp_cre_a,86,64
lp_cre_c,79,68
commanche_dual,66,62
orsreg_1,210,210
fpga_dcop_13,2,3
Roget,245,284
G19,410,442
G18,433,432
pde225,30,30
G16,417,441
G15,410,442
G14,433,432
G13,64,64
G12,0,0
G11,0,0
G10,801,1304
gams60am,2,2
lp_scrs8,24,22
n2c6-b6,2076,2199
young4c,58,58
cavity01,69,65
abtaha1,167,158
nemspmm1,107,117
nemspmm2,112,141
lp_standata,28,30
whitaker3_dual,135,134
lutz30-23-b6,764,765
shl_400,14,7
lp_fffff800,56,63
lp_cycle,41,34
tub100,4,4
lp_share2b,11,9
cz5108,19,19
lpi_refinery,29,31
west0655,41,53
S10PI_n1,4,4
G50,100,100
cs4,599,614
bcsstk01,24,24
bcsstk02,66,66
Sandi_authors,8,6
bcsstk04,60,66
bcsstk05,24,24
bcsstk06,72,74
bcsstk07,72,74
bcsstk08,126,139
bcsstk09,114,154
klein-b2,13,6
thermal,96,131
klein-b1,9,8
S20PI_n,8,8
lp_scorpion,12,12
jan99jac040sc,411,387
pores_1,24,9
pores_3,19,19
pores_2,64,67
ukerbe1_dual,43,40
L,49,67
fpga_dcop_33,2,3
fpga_dcop_32,2,3
fpga_dcop_31,2,3
fpga_dcop_30,2,3
fpga_dcop_37,2,3
fpga_dcop_36,2,3
fpga_dcop_35,2,3
fpga_dcop_34,2,3
fpga_dcop_39,2,3
fpga_dcop_38,2,3
rail_5177,76,88
west0479,40,36
ch7-6-b4,3816,3940
ch7-6-b5,720,1048
garon1,199,293
ch7-6-b1,39,30
ch7-6-b2,493,391
ch7-6-b3,2300,2098
psse1,28,30
msc01440,160,236
lp22,788,835
wheel_5_1,14,15
USAir97,63,75
gre_185,37,38
wheel_7_1,17,17
shar_te2-b1,275,225
Trec8,21,17
cond-mat,1043,1117
685_bus,16,14
aa03,516,525
aa01,545,570
bp_1200,45,46
divorce,9,8
aa5,489,481
aa4,299,289
aa6,389,373
aa3,516,525
wheel_3_1,8,9
bcsstm09,0,0
tub1000,4,4
LFAT5000,4,4
relat4,9,5
p0291,41,40
relat6,67,69
relat7,488,486
relat3,3,3
dwt_918,44,50
kleemin,7,6
pf2177,445,511
130bit,320,318
WorldCities,91,103
bibd_9_3,22,22
bibd_9_5,36,36
can_187,22,22
blckhole,126,138
ex6,60,86
ex7,138,272
ex4,94,87
ex5,13,10
ex2,110,150
ex3,86,139
dwt_592,43,46
ex8,149,120
ex9,98,89
rdb800l,80,80
cep1,4,4
qh768,20,16
jpwh_991,136,140
gas11,8,9
watt_1,128,128
msc04515,186,226
lp_woodw,159,68
lop163,16,16
Chem97ZtZ,0,0
extr1b,14,15
relat5,14,10
gent113,19,25
plbuckle,0,0
bcsstk13,547,650
bcsstk12,66,78
bcsstk11,66,78
bcsstk10,36,39
bcsstk14,208,252
bcsstk19,6,6
gams10a,2,2
Stranke94,10,10
lnsp3937,114,122
lp_ganges,37,24
LeGresley_4908,28,28
S40PI_n1,4,4
m3plates,0,0
will199,15,16
as-735,134,135
lpi_pilot4i,71,78
ex36,76,81
ex37,132,274
olm5000,2,2
ex32,46,36
ex33,58,90
fpga_dcop_08,4,3
ex31,78,123
fpga_dcop_06,5,2
fpga_dcop_07,4,4
fpga_dcop_04,3,5
fpga_dcop_05,3,2
fpga_dcop_02,2,3
fpga_dcop_03,2,3
fpga_dcop_01,2,3
lpi_bgprtr,6,4
orani678,405,407
adder_dcop_50,82,28
adder_dcop_51,82,28
meg1,112,230
msc01050,84,84
aircraft,9,7
add20,62,103
pde900,60,60
bips98_606,40,48
bwm200,4,4
n4c5-b10,14,16
n4c5-b11,0,0
CollegeMsg,578,657
scrs8-2b,39,22
scrs8-2c,39,22
cage9,552,646
cage8,199,218
cage5,18,15
cage4,10,9
cage7,72,97
cage6,40,44
scrs8-2r,170,22
qiulp,52,40
lock2232,48,72
netz4504,0,0
p2p-Gnutella06,1994,2170
p2p-Gnutella05,2115,2227
p2p-Gnutella04,2740,2903
p2p-Gnutella09,1448,1531
p2p-Gnutella08,1122,1156
t2dal_e,0,0
t2dal_a,86,86
str_0,23,21
memplus,186,181
n3c6-b2,61,59
ch7-8-b2,914,744
n3c6-b1,13,12
n3c6-b6,2449,2211
n3c6-b7,2855,3052
Trefethen_700,563,568
n3c6-b5,1945,1292
n3c6-b8,2289,2223
n3c6-b9,1221,1145
M10PI_n1,4,4
G31,2001,2705
G30,2000,2735
G33,100,100
G32,0,0
G35,1055,1095
G34,0,0
G37,1030,1066
G36,1037,1090
G39,1055,1095
G38,1036,1084
lpi_gosh,267,248
illc1033,20,15
qh882,16,20
lp_scagr25,6,6
slptsk,196,196
dwt_346,34,39
rgg010,10,10
poisson2D,37,36
CAG_mat364,106,110
cegb3024,92,104
dwt_162,14,14
grid1_dual,0,0
rbsb480,96,127
bfwa62,11,11
n4c6-b15,0,0
n4c6-b14,96,93
n4c6-b13,1140,1306
n3c6-b11,0,0
lshp3025,114,114
LeGresley_2508,36,34
lap_25,10,10
fs_541_1,37,37
fs_541_3,37,37
fs_541_2,37,37
fs_541_4,37,37
mcfe,133,188
lhr02,22,22
lhr01,63,63
lhr04,93,93
big,132,124
ex1,40,74
GD01_Acap,23,22
lp_shell,30,19
bcsstk26,132,160
bcsstk27,68,74
bcsstk22,8,8
bcsstk23,552,560
bcsstk20,14,12
bcsstk21,0,0
shl_0,6,3
dwt_2680,64,64
lp_perold,81,83
cat_ears_2_4,289,291
cat_ears_2_1,14,14
bcsstm20,0,0
bcsstm21,0,0
bcsstm22,0,0
bcsstm23,0,0
bcsstm24,0,0
gemat1,125,41
bcsstm26,0,0
bcsstm27,68,74
cat_ears_4_1,16,16
ex21,94,109
fpga_dcop_18,2,3
ex23,86,111
ex22,38,44
ex25,68,116
ex24,92,88
ex27,100,151
ex26,148,285
fpga_dcop_11,2,3
ex28,92,129
hep-th,479,450
fpga_dcop_12,2,3
fpga_dcop_15,2,3
fpga_dcop_14,2,3
fpga_dcop_17,2,3
fpga_dcop_16,2,3
t2dal,86,86
gemat12,43,36
gemat11,43,32
ash331,10,11
soc-sign-bitcoin-otc,574,595
lhr04c,93,93
cz2548,19,20
ch3-3-b2,0,0
ch3-3-b1,6,6
lp_capri,42,44
ch7-8-b1,54,42
lpi_reactor,30,31
lp_sc205,5,5
lp_bore3d,25,34
ex29,78,78
uk,42,51
N_pid,12,12
problem1,38,42
tomography,159,182
rw5151,124,131
fs_680_1,12,12
nnc666,40,39
Sieber,28,8
rosen10,8,8
TS,0,0
662_bus,24,24
lp_25fv47,81,101
d_dyn1,5,6
flower_8_1,25,25
tuma1,328,362
tuma2,192,188
cryg10000,200,200
LF10,17,4
soc-sign-bitcoin-alpha,492,485
G26,2001,2705
G27,2000,2716
G24,2001,2728
G25,2000,2735
G22,2000,2716
G23,2001,2778
G20,417,441
G21,415,418
lp_finnis,40,39
G28,2000,2719
G29,2001,2728
ge,122,200
p05,171,90
can_292,38,38
flower_4_1,24,26
flower_4_4,582,600
tols2000,0,0
mesh1em1,21,18
mesh1em6,21,18
adder_dcop_09,78,18
adder_dcop_08,87,22
lp_pilot_ja,88,97
adder_dcop_05,86,22
adder_dcop_04,75,18
adder_dcop_07,85,20
adder_dcop_06,90,18
adder_dcop_01,92,21
adder_dcop_03,85,34
adder_dcop_02,82,28
ncvxqp9,30,30
fd18,142,144
fd15,118,118
ncvxqp1,1418,1657
fd12,92,94
aug2dc,0,0
rdb2048_noL,128,128
kneser_6_2_1,86,95
west0067,12,12
lp_gfrd_pnc,8,8
gen2,881,893
gen1,497,512
jan99jac040,411,387
tols90,18,18
oscil_dcop_06,2,2
lp_bandm,23,25
odepa400,3,4
gams30am,2,2
bcspwr01,7,6
fxm2-16,89,65
bcsstm37,0,0
bcsstm35,0,0
bcsstm34,120,175
can_268,38,44
bcsstm39,0,0
bcsstm38,0,0
cti,536,538
lp_pilot,199,206
FA,2276,2640
p6000,2,2
bcsstk34,154,174
lshp1882,90,90
circuit204,49,53
coater1,137,182
g7jac010sc,217,238
lowThrust_2,32,18
lowThrust_3,60,28
lowThrust_1,41,37
S40PI_n,6,6
hydr1,26,28
GL7d11,30,29
GL7d10,0,1
GL7d12,650,648
fs_183_6,25,23
fs_183_4,25,23
fs_183_3,25,23
fs_183_1,25,23
photogrammetry,83,96
MISKnowledgeMap,869,1123
well1033,20,15
aug3d,0,0
saylr3,61,60
saylr1,28,28
adder_dcop_31,82,28
robot24c1_mat5,202,234
farm,4,4
linverse,6,6
robot,15,18
adder_dcop_39,82,28
delaunay_n13,144,164
delaunay_n12,112,111
08blocks,0,0
delaunay_n10,58,58
delaunay_n14,220,223
dw4096,256,256
Trefethen_500,337,383
can_445,79,88
dwt_492,0,0
reorientation_2,38,14
cage,0,0
impcol_a,10,11
impcol_c,19,15
impcol_b,22,10
impcol_e,19,13
impcol_d,15,18
adder_dcop_18,82,28
adder_dcop_19,64,22
3elt,92,91
adder_dcop_17,82,28
adder_dcop_14,82,28
adder_dcop_15,82,28
adder_dcop_12,82,28
adder_dcop_13,79,26
adder_dcop_10,88,22
l9,25,28
odepb400,0,0
lp_sierra,44,44
xingo3012,38,44
wb-cs-stanford,19,10
geom,276,249
viscoplastic1,132,142
lp_pilot4,71,78
lp_nug15,2802,3183
lp_nug12,1415,1480
west2021,16,16
c-27,32,36
lp_etamacro,63,61
lp_ship12l,10,10
Trefethen_200b,157,169
lp_ship12s,8,10
l30,70,89
gre_512,64,64
can_715,68,87
M40PI_n1,4,4
oscil_trans_01,2,2
oscil_dcop_43,2,2
bcsstm07,72,79
bcsstm04,0,0
oscil_dcop_40,2,2
bcsstm02,0,0
bcsstm03,0,0
oscil_dcop_45,2,2
oscil_dcop_44,2,2
oscil_dcop_49,2,2
oscil_dcop_48,2,2
bcsstm08,0,0
olm2000,2,2
Trec7,10,8
dwt_59,8,8
fxm3_6,96,132
USpowerGrid,18,18
lshp2233,91,98
Trefethen_2000,1296,1447
steam3,16,8
mimo28x28_system,41,40
steam1,90,91
lshp_406,40,42
init_adder1,92,21
cryg2500,100,100
cz308,19,22
bibd_49_3,1078,798
lp_vtp_base,16,16
fpga_dcop_09,2,4
plat1919,73,77
IG5-9,136,151
IG5-8,69,67
IG5-7,29,28
IG5-6,19,21
delaunay_n11,84,84
bibd_81_2,0,0
GL7d25,1198,1315
GL7d26,110,113
kineticBatchReactor_7,54,23
lock1074,108,141
M20PI_n,8,8
bp_1400,37,36
lshp_577,50,47
bloweybq,18,6
sstmodel,54,53
lp_stocfor3,52,46
rbsa480,130,246
lpi_box1,4,4
CAG_mat72,26,17
lpi_mondou2,4,5
meg4,132,123
ch6-6-b2,306,268
spaceStation_14,38,20
spaceStation_11,20,125
spaceStation_10,38,110
spaceStation_13,38,56
spaceStation_12,38,20
LFAT5,13,6
deter0,15,15
stufe,28,28
ch4-4-b2,24,24
ch4-4-b1,12,11
EX2,392,387
EX3,2560,2196
aug2d,0,0
EX1,530,391
ww_36_pmec_36,31,31
deter1,15,15
bcspwr10,50,40
Pd,0,0
Erdos02,274,268
mk12-b2,1188,986
mk12-b1,66,48
M80PI_n1,4,4
mk12-b5,0,0
adder_dcop_29,82,28
adder_dcop_28,82,28
adder_dcop_23,82,28
adder_dcop_22,82,28
adder_dcop_21,82,28
adder_dcop_20,82,28
adder_dcop_27,82,28
email,330,353
adder_dcop_25,82,28
adder_dcop_24,82,28
orbitRaising_2,8,8
swang1,94,94
swang2,94,94
orbitRaising_1,8,8
orbitRaising_4,24,16
mesh2em5,34,34
rdb3200l,160,160
mhda416,28,27
bfwa398,22,21
ch,177,162
n3c5-b5,105,100
lp_nug07,271,281
lp_nug06,167,169
lp_nug05,93,107
dwt_607,56,52
relat7b,488,486
lp_nug08,431,433
nasa2146,156,156
jgl011,8,9
kineticBatchReactor_9,30,18
kineticBatchReactor_8,30,22
kineticBatchReactor_3,52,18
kineticBatchReactor_2,40,18
kineticBatchReactor_1,40,18
illc1850,29,23
kineticBatchReactor_6,78,34
kineticBatchReactor_5,30,18
kineticBatchReactor_4,54,18
bcsstm19,0,0
laser,4,4
bcsstm11,0,0
bcsstm10,36,39
bcsstm13,223,294
bcsstm12,72,72
oscil_dcop_50,2,2
oscil_dcop_51,2,2
oscil_dcop_52,2,2
oscil_dcop_53,2,2
lpi_bgetam,63,61
dwt_66,4,4
cavity06,104,154
cavity07,125,152
cavity04,74,79
cavity05,125,152
cavity02,74,79
cavity03,69,65
pcb1000,54,49
rdb5000,200,200
cavity08,104,154
cavity09,125,152
GD98_a,0,0
GD98_c,16,16
GD98_b,0,0
cis-n4c6-b3,961,803
cis-n4c6-b2,114,139
cis-n4c6-b1,19,16
Tina_AskCog,7,4
plat362,56,56
t2dal_bci,86,86
lp_pds_06,215,213
lp_pds_02,74,62
GD96_c,6,6
GD96_b,6,3
GD96_a,0,0
t2d_q9,198,233
Trec9,39,37
GD96_d,0,0
t2d_q4,198,233
Trec6,5,5
Trec5,3,2
Trec4,1,1
Trec3,0,0
stormg2-8,67,81
poli_large,38,42
494_bus,13,16
lp_brandy,46,46
oscil_dcop_27,2,2
lpi_vol1,31,33
zenios,0,0
lns_131,24,25
lpi_cplex2,15,15
lpi_cplex1,4,4
G3,801,1305
oscil_dcop_16,2,2
crack,173,177
GD95_a,3,1
GD95_b,5,2
GD95_c,6,6
lp_e226,22,22
can_96,24,24
adder_dcop_63,82,28
bips98_1450,44,37
oscil_dcop_18,2,2
dwt_361,26,26
mesh3em5,34,34
fs_680_3,12,12
fs_680_2,12,12
plsk1919,28,34
lns_3937,114,115
d_ss,4,4
lp_sc50b,6,5
lp_sc50a,5,6
gams10am,2,2
GD06_theory,0,0
bp_800,36,32
grid1,0,0
abb313,7,8
grid2,0,0
bcspwr03,10,9
bcspwr02,11,4
ODLIS,362,373
bcspwr07,8,12
bcspwr06,9,16
bcspwr05,14,14
bcspwr04,22,20
bcspwr09,18,14
bcspwr08,22,12
email-Eu-core,407,471
adder_dcop_34,82,28
adder_dcop_35,82,28
adder_dcop_36,82,28
adder_dcop_37,82,28
adder_dcop_30,82,28
can_73,20,21
adder_dcop_32,82,28
adder_dcop_33,82,28
bips98_1142,45,41
adder_dcop_11,67,21
adder_dcop_38,82,28
lpi_galenet,4,2
SmallW,15,15
nopoly,47,62
lp_pilot_we,58,54
mhd3200b,2,4
p0201,30,33
mhd3200a,27,29
cell1,132,154
cell2,132,154
spiral,40,42
qh1484,20,16
n3c4-b4,6,5
California,290,276
n3c4-b1,6,6
n3c4-b2,12,11
n3c4-b3,12,9
lpi_ex72a,4,4
xingo_afonso_itaipu,32,36
lp_stocfor1,11,10
lp_stocfor2,9,27
airfoil1,78,73
zeros_nopss_13k,32,36
TSOPF_FS_b9_c1,72,24
dwa512,24,24
lp_standmps,35,26
cage3,4,4
problem,4,5
LF10000,4,4
jgl009,10,6
mbeaflw,377,456
lp_sctap1,19,24
lp_sctap3,52,40
lp_sctap2,45,40
lp_agg3,46,56
lp_agg2,46,69
oscil_dcop_29,2,2
oscil_dcop_28,2,2
cz1268,19,20
oscil_dcop_21,2,2
oscil_dcop_20,2,2
oscil_dcop_23,2,2
oscil_dcop_22,2,2
oscil_dcop_25,2,2
oscil_dcop_24,2,2
barth,76,79
oscil_dcop_26,2,2
polbooks,18,18
email-Eu-core-temporal,429,499
dwt_72,4,4
cavity11,136,204
cavity10,176,141
cavity13,136,204
cavity12,176,141
cavity15,136,204
cavity14,176,141
bfwb398,12,12
dolphins,18,18
west0497,24,18
lp_80bau3b,73,100
barth5,88,73
barth4,53,61
netscience,0,0
